feature,mean_abs_shap,rank
cp,0.7648610385744457,1
source_code,0.43526371751782944,2
exang,0.30976053803036147,3
oldpeak,0.3069204049137004,4
sex,0.26991312941365353,5
thal,0.2288277921985746,6
thalach,0.19421872464287257,7
age,0.1905537484116589,8
chol,0.08009161202926714,9
slope,0.050435369044872794,10
trestbps,0.03863932558499278,11
fbs,0.029710149324186513,12
restecg,0.009129625876317203,13
