feature,mean_abs_shap,rank
cp,0.8332928896764555,1
sex,0.31297841457255715,2
exang,0.3037699279559426,3
oldpeak,0.2878331323274716,4
thalach,0.26607102937331,5
age,0.22015522678460667,6
thal,0.21888894193367206,7
chol,0.18832032515859237,8
trestbps,0.028824802446216276,9
slope,0.02562444750934858,10
fbs,0.022317498215816228,11
restecg,0.01976312702333706,12
