Threshold,TP,FP,FN,TN,Accuracy,Precision,Recall (Sensitivity),Specificity,F1,FN Rate
0.5,91,19,11,63,0.8369565217391305,0.8272727272727273,0.8921568627450981,0.7682926829268293,0.8584905660377359,0.10784313725490197
0.4,97,25,5,57,0.8369565217391305,0.7950819672131147,0.9509803921568627,0.6951219512195121,0.8660714285714286,0.049019607843137254
0.3,99,28,3,54,0.8315217391304348,0.7795275590551181,0.9705882352941176,0.6585365853658537,0.8646288209606987,0.029411764705882353
0.2,100,41,2,41,0.7663043478260869,0.7092198581560284,0.9803921568627451,0.5,0.823045267489712,0.0196078431372549
