Threshold,TP,FP,FN,TN,Accuracy,Precision,Recall (Sensitivity),Specificity,F1,FN Rate
0.5,90,16,12,66,0.8478260869565217,0.8490566037735849,0.8823529411764706,0.8048780487804879,0.8653846153846154,0.11764705882352941
0.4,95,23,7,59,0.8369565217391305,0.8050847457627118,0.9313725490196079,0.7195121951219512,0.8636363636363636,0.06862745098039216
0.3,99,28,3,54,0.8315217391304348,0.7795275590551181,0.9705882352941176,0.6585365853658537,0.8646288209606987,0.029411764705882353
0.2,100,36,2,46,0.7934782608695652,0.7352941176470589,0.9803921568627451,0.5609756097560976,0.8403361344537815,0.0196078431372549
